[
  { "Id": 1,
    "Test": "read_tomcat",
    "Number Of Users": 50,
    "Total Number Of Req": 954,
    "Total RPS": 32.6,
    "Request Distribution": [
      {"name": "GET /editor/post?action=open", "98%": 6}
    ]
  },
  { "Id": 2,
    "Test": "write_tomcat",
    "Number Of Users": 50,
    "Total Number Of Req": 941,
    "Total RPS": 32.8,
    "Request Distribution": [
      {"name": "POST /editor/post?action=save", "98%": 55}
    ]
  },
  { "Id": 4,
    "Test": "read_node",
    "Number Of Users": 50,
    "Total Number Of Req": 947,
    "Total RPS": 32.7,
    "Request Distribution": [
      {"name": "GET /blog/cs144", "98%": 11}
    ]
  },
  { "Id": 5,
    "Test": "write_node",
    "Number Of Users": 50,
    "Total Number Of Req": 938,
    "Total RPS": 32.2,
    "Request Distribution": [
      {"name": "PUT /api/cs144", "98%": 1100}
    ]
  }
]
